{"stats":{"minecraft:custom":{"minecraft:time_since_rest":13393,"minecraft:play_time":13393,"minecraft:crouch_one_cm":416,"minecraft:sprint_one_cm":13676,"minecraft:damage_taken":70,"minecraft:walk_one_cm":14088,"minecraft:sneak_time":808,"minecraft:jump":88,"minecraft:time_since_death":13393,"minecraft:total_world_time":13393,"minecraft:interact_with_crafting_table":1,"minecraft:fly_one_cm":8143,"minecraft:fall_one_cm":1868},"minecraft:mined":{"minecraft:smooth_red_sandstone":2,"minecraft:oak_wood":6,"minecraft:vine":2,"minecraft:jungle_log":16,"minecraft:brown_terracotta":3,"minecraft:orange_terracotta":3,"minecraft:stone":28,"minecraft:crafting_table":1,"minecraft:fern":4},"minecraft:used":{"minecraft:cobblestone":11,"minecraft:wooden_pickaxe":36,"minecraft:orange_terracotta":10},"minecraft:crafted":{"minecraft:wooden_shovel":1,"minecraft:stick":4,"minecraft:jungle_planks":60,"minecraft:wooden_pickaxe":1},"minecraft:picked_up":{"minecraft:stick":2,"minecraft:orange_terracotta":15,"minecraft:crafting_table":1,"minecraft:oak_wood":5,"minecraft:smooth_red_sandstone":4,"minecraft:jungle_log":15,"minecraft:brown_terracotta":12,"minecraft:acacia_log":7,"minecraft:wooden_pickaxe":1,"minecraft:jungle_planks":23,"minecraft:string":7,"minecraft:cobblestone":53}},"DataVersion":3465}