{"stats":{"minecraft:mined":{"minecraft:raw_iron_block":1,"minecraft:furnace":1,"minecraft:orange_terracotta":7,"minecraft:crafting_table":1,"minecraft:smooth_red_sandstone":2,"minecraft:oak_wood":6,"minecraft:coal_ore":141,"minecraft:vine":2,"minecraft:jungle_log":16,"minecraft:coal_block":6,"minecraft:brown_terracotta":6,"minecraft:cobblestone":14,"minecraft:stone":130,"minecraft:fern":4},"minecraft:custom":{"minecraft:time_since_rest":25393,"minecraft:interact_with_furnace":9,"minecraft:sprint_one_cm":14246,"minecraft:damage_taken":70,"minecraft:walk_one_cm":27592,"minecraft:drop":2,"minecraft:interact_with_crafting_table":5,"minecraft:fly_one_cm":8476,"minecraft:crouch_one_cm":3854,"minecraft:play_time":25393,"minecraft:sneak_time":2755,"minecraft:jump":138,"minecraft:time_since_death":25393,"minecraft:total_world_time":25393,"minecraft:fall_one_cm":2406},"minecraft:used":{"minecraft:brown_terracotta":2,"minecraft:stone_pickaxe":131,"minecraft:iron_pickaxe":118,"minecraft:wooden_pickaxe":59,"minecraft:torch":1,"minecraft:cobblestone":34,"minecraft:furnace":1,"minecraft:orange_terracotta":10},"minecraft:crafted":{"minecraft:raw_iron":9,"minecraft:wooden_shovel":1,"minecraft:stick":8,"minecraft:iron_pickaxe":1,"minecraft:iron_ingot":9,"minecraft:wooden_pickaxe":1,"minecraft:stone_pickaxe":1,"minecraft:furnace":1,"minecraft:air":0,"minecraft:jungle_planks":60},"minecraft:dropped":{"minecraft:jungle_planks":64},"minecraft:broken":{"minecraft:stone_pickaxe":1,"minecraft:wooden_pickaxe":1},"minecraft:picked_up":{"minecraft:stick":2,"minecraft:crafting_table":2,"minecraft:smooth_red_sandstone":5,"minecraft:jungle_log":15,"minecraft:brown_terracotta":16,"minecraft:torch":6,"minecraft:wooden_pickaxe":1,"minecraft:acacia_log":7,"minecraft:raw_iron_block":1,"minecraft:jungle_planks":55,"minecraft:string":9,"minecraft:orange_terracotta":21,"minecraft:oak_wood":5,"minecraft:coal_block":6,"minecraft:coal":166,"minecraft:cobblestone":178,"minecraft:furnace":1}},"DataVersion":3465}