{"stats":{"minecraft:mined":{"minecraft:deepslate_redstone_ore":6,"minecraft:tuff":42,"minecraft:raw_iron_block":1,"minecraft:raw_gold_block":1,"minecraft:furnace":1,"minecraft:orange_terracotta":7,"minecraft:crafting_table":1,"minecraft:smooth_red_sandstone":2,"minecraft:oak_wood":6,"minecraft:coal_ore":141,"minecraft:vine":2,"minecraft:jungle_log":16,"minecraft:coal_block":6,"minecraft:brown_terracotta":6,"minecraft:cobblestone":14,"minecraft:deepslate_gold_ore":12,"minecraft:stone":130,"minecraft:deepslate":97,"minecraft:fern":4},"minecraft:custom":{"minecraft:time_since_rest":37393,"minecraft:interact_with_furnace":12,"minecraft:sprint_one_cm":20757,"minecraft:damage_taken":70,"minecraft:walk_one_cm":44768,"minecraft:drop":3,"minecraft:interact_with_crafting_table":7,"minecraft:fly_one_cm":10651,"minecraft:crouch_one_cm":3854,"minecraft:play_time":37393,"minecraft:sneak_time":2762,"minecraft:jump":189,"minecraft:time_since_death":37393,"minecraft:total_world_time":37393,"minecraft:fall_one_cm":2675},"minecraft:used":{"minecraft:brown_terracotta":2,"minecraft:stone_pickaxe":131,"minecraft:iron_pickaxe":272,"minecraft:wooden_pickaxe":63,"minecraft:torch":3,"minecraft:cobblestone":38,"minecraft:furnace":2,"minecraft:orange_terracotta":10},"minecraft:crafted":{"minecraft:raw_iron":9,"minecraft:wooden_shovel":1,"minecraft:stick":8,"minecraft:iron_pickaxe":2,"minecraft:iron_ingot":9,"minecraft:wooden_pickaxe":1,"minecraft:stone_pickaxe":1,"minecraft:furnace":1,"minecraft:copper_ingot":12,"minecraft:air":0,"minecraft:jungle_planks":60},"minecraft:dropped":{"minecraft:crafting_table":1,"minecraft:jungle_planks":64},"minecraft:broken":{"minecraft:stone_pickaxe":1,"minecraft:iron_pickaxe":1,"minecraft:wooden_pickaxe":1},"minecraft:picked_up":{"minecraft:stick":2,"minecraft:crafting_table":2,"minecraft:raw_gold_block":1,"minecraft:smooth_red_sandstone":5,"minecraft:jungle_log":15,"minecraft:brown_terracotta":16,"minecraft:torch":6,"minecraft:wooden_pickaxe":1,"minecraft:acacia_log":7,"minecraft:raw_iron_block":1,"minecraft:jungle_planks":55,"minecraft:tuff":48,"minecraft:redstone":24,"minecraft:string":9,"minecraft:raw_copper":12,"minecraft:orange_terracotta":21,"minecraft:oak_wood":5,"minecraft:cobbled_deepslate":103,"minecraft:raw_gold":12,"minecraft:coal_block":6,"minecraft:coal":166,"minecraft:cobblestone":178,"minecraft:furnace":1}},"DataVersion":3465}