{"stats":{"minecraft:custom":{"minecraft:time_since_rest":5329,"minecraft:sprint_one_cm":38588,"minecraft:damage_taken":445,"minecraft:walk_one_cm":22162,"minecraft:damage_dealt":12,"minecraft:interact_with_crafting_table":2,"minecraft:fly_one_cm":83538,"minecraft:crouch_one_cm":10583,"minecraft:play_time":25493,"minecraft:deaths":2,"minecraft:sneak_time":5255,"minecraft:jump":349,"minecraft:leave_game":2,"minecraft:time_since_death":4998,"minecraft:total_world_time":25493,"minecraft:fall_one_cm":9142},"minecraft:mined":{"minecraft:dark_oak_planks":1,"minecraft:large_fern":1,"minecraft:acacia_leaves":2,"minecraft:acacia_wood":4,"minecraft:orange_terracotta":5,"minecraft:birch_leaves":1,"minecraft:smooth_red_sandstone":2,"minecraft:grass":1,"minecraft:acacia_log":7,"minecraft:grass_block":1,"minecraft:vine":2,"minecraft:jungle_log":8,"minecraft:dirt":3,"minecraft:brown_terracotta":3,"minecraft:stone":20,"minecraft:oak_leaves":10,"minecraft:fern":3,"minecraft:spawner":1},"minecraft:used":{"minecraft:wooden_pickaxe":31,"minecraft:torch":1,"minecraft:dirt":3,"minecraft:cobblestone":10,"minecraft:crafting_table":2},"minecraft:killed_by":{"minecraft:zombie":1},"minecraft:crafted":{"minecraft:crafting_table":1,"minecraft:stick":4,"minecraft:wooden_pickaxe":1,"minecraft:jungle_planks":32},"minecraft:picked_up":{"minecraft:smooth_red_sandstone":3,"minecraft:jungle_log":8,"minecraft:brown_terracotta":13,"minecraft:acacia_log":7,"minecraft:acacia_wood":4,"minecraft:string":19,"minecraft:dirt":7,"minecraft:dark_oak_planks":1,"minecraft:orange_terracotta":12,"minecraft:bone":2,"minecraft:arrow":2,"minecraft:wheat_seeds":1,"minecraft:cobblestone":46}},"DataVersion":3465}