{"stats":{"minecraft:custom":{"minecraft:time_since_rest":17329,"minecraft:sprint_one_cm":38897,"minecraft:damage_taken":455,"minecraft:walk_one_cm":35538,"minecraft:drop":6,"minecraft:damage_dealt":12,"minecraft:interact_with_crafting_table":7,"minecraft:fly_one_cm":83565,"minecraft:crouch_one_cm":20443,"minecraft:play_time":37493,"minecraft:deaths":2,"minecraft:sneak_time":10150,"minecraft:jump":379,"minecraft:leave_game":2,"minecraft:time_since_death":16998,"minecraft:total_world_time":37493,"minecraft:fall_one_cm":10284},"minecraft:mined":{"minecraft:dark_oak_planks":3,"minecraft:large_fern":1,"minecraft:tuff":15,"minecraft:acacia_leaves":2,"minecraft:acacia_wood":4,"minecraft:orange_terracotta":9,"minecraft:dark_oak_log":1,"minecraft:birch_leaves":1,"minecraft:deepslate_lapis_ore":3,"minecraft:crafting_table":3,"minecraft:smooth_red_sandstone":4,"minecraft:grass":1,"minecraft:acacia_log":7,"minecraft:coal_ore":15,"minecraft:grass_block":1,"minecraft:vine":2,"minecraft:jungle_log":8,"minecraft:dirt":3,"minecraft:coal_block":1,"minecraft:brown_terracotta":3,"minecraft:stone":277,"minecraft:deepslate_copper_ore":4,"minecraft:deepslate":24,"minecraft:infested_stone":3,"minecraft:oak_leaves":10,"minecraft:wall_torch":1,"minecraft:fern":3,"minecraft:spawner":1},"minecraft:used":{"minecraft:wooden_axe":4,"minecraft:stone_pickaxe":329,"minecraft:wooden_pickaxe":31,"minecraft:torch":4,"minecraft:dirt":3,"minecraft:cobblestone":27,"minecraft:crafting_table":6},"minecraft:killed_by":{"minecraft:zombie":1},"minecraft:crafted":{"minecraft:crafting_table":4,"minecraft:stick":16,"minecraft:wooden_pickaxe":1,"minecraft:stone_pickaxe":3,"minecraft:wooden_axe":1,"minecraft:dark_oak_planks":4,"minecraft:torch":16,"minecraft:jungle_planks":32},"minecraft:broken":{"minecraft:stone_pickaxe":2},"minecraft:dropped":{"minecraft:torch":6},"minecraft:picked_up":{"minecraft:crafting_table":2,"minecraft:smooth_red_sandstone":4,"minecraft:jungle_log":8,"minecraft:brown_terracotta":13,"minecraft:torch":1,"minecraft:acacia_log":7,"minecraft:acacia_wood":4,"minecraft:jungle_planks":32,"minecraft:tuff":15,"minecraft:raw_copper":12,"minecraft:lapis_lazuli":23,"minecraft:dark_oak_log":1,"minecraft:string":19,"minecraft:dirt":7,"minecraft:dark_oak_planks":3,"minecraft:orange_terracotta":15,"minecraft:bone":2,"minecraft:arrow":2,"minecraft:wheat_seeds":1,"minecraft:cobbled_deepslate":19,"minecraft:coal_block":1,"minecraft:coal":15,"minecraft:cobblestone":294}},"DataVersion":3465}