{"stats":{"minecraft:custom":{"minecraft:time_since_rest":29329,"minecraft:sprint_one_cm":45830,"minecraft:damage_taken":485,"minecraft:walk_one_cm":60278,"minecraft:mob_kills":1,"minecraft:drop":8,"minecraft:damage_dealt":92,"minecraft:interact_with_crafting_table":10,"minecraft:fly_one_cm":85119,"minecraft:crouch_one_cm":27608,"minecraft:play_time":49493,"minecraft:deaths":2,"minecraft:sneak_time":13690,"minecraft:jump":431,"minecraft:leave_game":2,"minecraft:time_since_death":28998,"minecraft:total_world_time":49493,"minecraft:fall_one_cm":10764},"minecraft:mined":{"minecraft:dark_oak_planks":3,"minecraft:large_fern":1,"minecraft:tuff":81,"minecraft:acacia_leaves":2,"minecraft:acacia_wood":4,"minecraft:orange_terracotta":9,"minecraft:dark_oak_log":1,"minecraft:birch_leaves":1,"minecraft:torch":1,"minecraft:deepslate_lapis_ore":3,"minecraft:crafting_table":4,"minecraft:smooth_red_sandstone":4,"minecraft:grass":1,"minecraft:acacia_log":7,"minecraft:coal_ore":15,"minecraft:grass_block":1,"minecraft:vine":2,"minecraft:jungle_log":8,"minecraft:dirt":3,"minecraft:coal_block":1,"minecraft:brown_terracotta":3,"minecraft:cobblestone":3,"minecraft:stone":277,"minecraft:infested_deepslate":1,"minecraft:deepslate_copper_ore":4,"minecraft:deepslate":183,"minecraft:infested_stone":3,"minecraft:oak_leaves":10,"minecraft:wall_torch":2,"minecraft:fern":3,"minecraft:spawner":1},"minecraft:used":{"minecraft:wooden_axe":7,"minecraft:stone_pickaxe":559,"minecraft:wooden_pickaxe":31,"minecraft:torch":12,"minecraft:dirt":3,"minecraft:cobblestone":55,"minecraft:crafting_table":9},"minecraft:killed_by":{"minecraft:zombie":1},"minecraft:killed":{"minecraft:silverfish":1},"minecraft:crafted":{"minecraft:crafting_table":4,"minecraft:stick":20,"minecraft:wooden_pickaxe":1,"minecraft:stone_pickaxe":5,"minecraft:wooden_axe":1,"minecraft:dark_oak_planks":4,"minecraft:torch":16,"minecraft:jungle_planks":32},"minecraft:broken":{"minecraft:stone_pickaxe":4},"minecraft:dropped":{"minecraft:raw_copper":12,"minecraft:torch":6,"minecraft:stone_pickaxe":1},"minecraft:picked_up":{"minecraft:crafting_table":4,"minecraft:smooth_red_sandstone":4,"minecraft:jungle_log":8,"minecraft:brown_terracotta":13,"minecraft:torch":3,"minecraft:acacia_log":7,"minecraft:acacia_wood":4,"minecraft:jungle_planks":32,"minecraft:tuff":75,"minecraft:redstone":4,"minecraft:raw_copper":12,"minecraft:lapis_lazuli":23,"minecraft:dark_oak_log":1,"minecraft:string":19,"minecraft:dirt":7,"minecraft:dark_oak_planks":3,"minecraft:orange_terracotta":15,"minecraft:bone":2,"minecraft:arrow":2,"minecraft:wheat_seeds":1,"minecraft:cobbled_deepslate":177,"minecraft:stone_pickaxe":1,"minecraft:coal_block":1,"minecraft:coal":15,"minecraft:cobblestone":297}},"DataVersion":3465}