{
  "rrc:h-nigh": {
    "criteria": {
      "instaget": "2024-09-17 19:41:21 +0000"
    },
    "done": true
  },
  "rrc:root": {
    "criteria": {
      "rootcause": "2024-09-17 19:41:21 +0000"
    },
    "done": true
  },
  "minecraft:recipes/decorations/crafting_table": {
    "criteria": {
      "unlock_right_away": "2024-09-17 19:41:21 +0000"
    },
    "done": true
  },
  "wythers:world_explorer": {
    "criteria": {
      "wythers:dry_tropical_grassland": "2024-09-17 19:42:45 +0000",
      "wythers:chaparral": "2024-09-17 19:42:50 +0000",
      "wythers:kwongan_heath": "2024-09-17 19:42:57 +0000",
      "wythers:sandy_jungle": "2024-09-17 19:42:43 +0000"
    },
    "done": false
  },
  "minecraft:adventure/adventuring_time": {
    "criteria": {
      "minecraft:desert": "2024-09-17 19:41:24 +0000"
    },
    "done": false
  },
  "DataVersion": 3465
}